"NBC · PMR CRM · market research, Fall 2026 (weeks run Wednesday to Tuesday)"
"How to use: when you send a message, enter its Sent date (and a screenshot link). When someone replies, enter the Reply date. Set Booked? to Yes when an interview is agreed. Stage, follow-up dates and the dashboard update automatically. Log people by role only: no names, emails or phone numbers here. Never contact children."
Sources on GitHub:,"=HYPERLINK(""https://github.com/samquansah-algo/nbc-vct/blob/main/marketing/OUTREACH_MESSAGES.md"",""Outreach messages"")","=HYPERLINK(""https://github.com/samquansah-algo/nbc-vct/blob/main/marketing/INTERVIEW_SCRIPT.md"",""Interview script"")","=HYPERLINK(""https://github.com/samquansah-algo/nbc-vct/blob/main/marketing/watering_holes_v5.md"",""Watering holes"")","=HYPERLINK(""https://github.com/samquansah-algo/nbc-vct/blob/main/marketing/INTERVIEW_TRACKER.md"",""Tracker page"")","=HYPERLINK(""https://github.com/samquansah-algo/nbc-vct"",""Repository"")"

DASHBOARD (auto),,"=CONCATENATE(""Today: "",TEXT(TODAY(),""ddd d mmm yyyy""))"
Messages planned,=COUNTA(A15:A39),,Interviews scheduled,=COUNTA(A43:A56),,v1 sent,"=COUNTIFS(B15:B39,""v1"",I15:I39,""<>"")"
Sent,=COUNT(I15:I39),,Interviews done,"=COUNTIF(H43:H56,""Done"")",,v1 replies,"=COUNTIFS(B15:B39,""v1"",K15:K39,""<>"")"
Replies,=COUNT(K15:K39),,Target interviews,10,,v1 reply rate,"=IFERROR(TEXT(H7/H6,""0%""),""–"")"
Reply rate,"=IFERROR(TEXT(B8/B7,""0%""),""–"")",,Progress to target,"=TEXT(E7/E8,""0%"")",,v2 sent,"=COUNTIFS(B15:B39,""v2"",I15:I39,""<>"")"
Follow-ups due now,"=COUNTIF(Q15:Q39,""Follow up"")",,Problems confirmed (of 5),"=COUNTIF(O63:S63,""Confirmed"")",,v2 replies,"=COUNTIFS(B15:B39,""v2"",K15:K39,""<>"")"
Interviews booked,"=COUNTIF(O15:O39,""Yes"")",,Declined,"=COUNTIF(P15:P39,""Declined"")",,v2 reply rate,"=IFERROR(TEXT(H10/H9,""0%""),""–"")"

OUTREACH PIPELINE
Msg ID,Version,Organisation,Channel,Audience,To / where,Message,Scheduled,Sent date,Screenshot link,Reply date,Days to reply,Follow-up due,Follow-up sent,Booked?,Outcome,Stage (auto),Notes
P1,v1,Ghana Robotics Academy Foundation,Email,GRAF / club owner,Ghana Robotics Academy Foundation (website contact),"=HYPERLINK(""https://github.com/samquansah-algo/nbc-vct/blob/main/marketing/OUTREACH_MESSAGES.md#v1-first-messages"",""Open"")",2026-09-28,,,,"=IF(AND(I15<>"""",K15<>""""),K15-I15,"""")","=IF(AND(I15<>"""",K15=""""),I15+5,"""")",,,,"=IF(A15="""","""",IF(P15<>"""",P15,IF(O15=""Yes"",""Booked"",IF(K15<>"""",""Replied"",IF(I15="""",""Scheduled"",IF(TODAY()>I15+5,""Follow up"",""Sent""))))))"
P2,v1,Ghana Code Club,Email,Ghana Code Club,Ghana Code Club team,"=HYPERLINK(""https://github.com/samquansah-algo/nbc-vct/blob/main/marketing/OUTREACH_MESSAGES.md#v1-first-messages"",""Open"")",2026-09-28,,,,"=IF(AND(I16<>"""",K16<>""""),K16-I16,"""")","=IF(AND(I16<>"""",K16=""""),I16+5,"""")",,,,"=IF(A16="""","""",IF(P16<>"""",P16,IF(O16=""Yes"",""Booked"",IF(K16<>"""",""Replied"",IF(I16="""",""Scheduled"",IF(TODAY()>I16+5,""Follow up"",""Sent""))))))"
P3,v1,Ghana Library Authority,Formal letter,Ghana Library Authority,"Ghana Library Authority, Programme Office","=HYPERLINK(""https://github.com/samquansah-algo/nbc-vct/blob/main/marketing/OUTREACH_MESSAGES.md#v1-first-messages"",""Open"")",2026-09-28,,,,"=IF(AND(I17<>"""",K17<>""""),K17-I17,"""")","=IF(AND(I17<>"""",K17=""""),I17+5,"""")",,,,"=IF(A17="""","""",IF(P17<>"""",P17,IF(O17=""Yes"",""Booked"",IF(K17<>"""",""Replied"",IF(I17="""",""Scheduled"",IF(TODAY()>I17+5,""Follow up"",""Sent""))))))"
P4,v1,MakerSpaces and the Participatory Library,Facebook group,Participatory Library group,MakerSpaces and the Participatory Library,"=HYPERLINK(""https://github.com/samquansah-algo/nbc-vct/blob/main/marketing/OUTREACH_MESSAGES.md#v1-first-messages"",""Open"")",2026-09-29,,,,"=IF(AND(I18<>"""",K18<>""""),K18-I18,"""")","=IF(AND(I18<>"""",K18=""""),I18+5,"""")",,,,"=IF(A18="""","""",IF(P18<>"""",P18,IF(O18=""Yes"",""Booked"",IF(K18<>"""",""Replied"",IF(I18="""",""Scheduled"",IF(TODAY()>I18+5,""Follow up"",""Sent""))))))"
P5,v1,ISLS researchers,Email,Learning-sciences researcher,a learning-sciences researcher (ISLS),"=HYPERLINK(""https://github.com/samquansah-algo/nbc-vct/blob/main/marketing/OUTREACH_MESSAGES.md#v1-first-messages"",""Open"")",2026-09-28,,,,"=IF(AND(I19<>"""",K19<>""""),K19-I19,"""")","=IF(AND(I19<>"""",K19=""""),I19+5,"""")",,,,"=IF(A19="""","""",IF(P19<>"""",P19,IF(O19=""Yes"",""Booked"",IF(K19<>"""",""Replied"",IF(I19="""",""Scheduled"",IF(TODAY()>I19+5,""Follow up"",""Sent""))))))"
R1,v1,micro:bit Champions,Community post,Facilitator community,micro:bit Champions community,"=HYPERLINK(""https://github.com/samquansah-algo/nbc-vct/blob/main/marketing/OUTREACH_MESSAGES.md#v1-first-messages"",""Open"")",2026-09-29,,,,"=IF(AND(I20<>"""",K20<>""""),K20-I20,"""")","=IF(AND(I20<>"""",K20=""""),I20+5,"""")",,,,"=IF(A20="""","""",IF(P20<>"""",P20,IF(O20=""Yes"",""Booked"",IF(K20<>"""",""Replied"",IF(I20="""",""Scheduled"",IF(TODAY()>I20+5,""Follow up"",""Sent""))))))"
R2,v1,The MakersPlace (Accra),LinkedIn,Programme owner,a programme owner (e.g. The MakersPlace),"=HYPERLINK(""https://github.com/samquansah-algo/nbc-vct/blob/main/marketing/OUTREACH_MESSAGES.md#v1-first-messages"",""Open"")",2026-09-29,,,,"=IF(AND(I21<>"""",K21<>""""),K21-I21,"""")","=IF(AND(I21<>"""",K21=""""),I21+5,"""")",,,,"=IF(A21="""","""",IF(P21<>"""",P21,IF(O21=""Yes"",""Booked"",IF(K21<>"""",""Replied"",IF(I21="""",""Scheduled"",IF(TODAY()>I21+5,""Follow up"",""Sent""))))))"
R3,v1,Scratch Educator Meetups,Forum / DM,Makerspace practitioner,Scratch Educator Meetups,"=HYPERLINK(""https://github.com/samquansah-algo/nbc-vct/blob/main/marketing/OUTREACH_MESSAGES.md#v1-first-messages"",""Open"")",2026-09-29,,,,"=IF(AND(I22<>"""",K22<>""""),K22-I22,"""")","=IF(AND(I22<>"""",K22=""""),I22+5,"""")",,,,"=IF(A22="""","""",IF(P22<>"""",P22,IF(O22=""Yes"",""Booked"",IF(K22<>"""",""Replied"",IF(I22="""",""Scheduled"",IF(TODAY()>I22+5,""Follow up"",""Sent""))))))"
R4,v1,r/homeschool,Reddit,Parent community,r/homeschool,"=HYPERLINK(""https://github.com/samquansah-algo/nbc-vct/blob/main/marketing/OUTREACH_MESSAGES.md#v1-first-messages"",""Open"")",2026-09-29,,,,"=IF(AND(I23<>"""",K23<>""""),K23-I23,"""")","=IF(AND(I23<>"""",K23=""""),I23+5,"""")",,,,"=IF(A23="""","""",IF(P23<>"""",P23,IF(O23=""Yes"",""Booked"",IF(K23<>"""",""Replied"",IF(I23="""",""Scheduled"",IF(TODAY()>I23+5,""Follow up"",""Sent""))))))"
R5,v1,ISLS researchers,Email,Assessment researcher,an assessment researcher (ISLS),"=HYPERLINK(""https://github.com/samquansah-algo/nbc-vct/blob/main/marketing/OUTREACH_MESSAGES.md#v1-first-messages"",""Open"")",2026-09-28,,,,"=IF(AND(I24<>"""",K24<>""""),K24-I24,"""")","=IF(AND(I24<>"""",K24=""""),I24+5,"""")",,,,"=IF(A24="""","""",IF(P24<>"""",P24,IF(O24=""Yes"",""Booked"",IF(K24<>"""",""Replied"",IF(I24="""",""Scheduled"",IF(TODAY()>I24+5,""Follow up"",""Sent""))))))"
CC1,v1,Cape Coast programme owners,In person,Programme owners,Canvassing,,2026-09-28,,,,"=IF(AND(I25<>"""",K25<>""""),K25-I25,"""")","=IF(AND(I25<>"""",K25=""""),I25+5,"""")",,,,"=IF(A25="""","""",IF(P25<>"""",P25,IF(O25=""Yes"",""Booked"",IF(K25<>"""",""Replied"",IF(I25="""",""Scheduled"",IF(TODAY()>I25+5,""Follow up"",""Sent""))))))"
CC2,v1,Cape Coast programme owners,In person,Programme owners,Canvassing,,2026-09-29,,,,"=IF(AND(I26<>"""",K26<>""""),K26-I26,"""")","=IF(AND(I26<>"""",K26=""""),I26+5,"""")",,,,"=IF(A26="""","""",IF(P26<>"""",P26,IF(O26=""Yes"",""Booked"",IF(K26<>"""",""Replied"",IF(I26="""",""Scheduled"",IF(TODAY()>I26+5,""Follow up"",""Sent""))))))"
P1-v2,v2,Ghana Robotics Academy Foundation,Email,GRAF / club owner,Ghana Robotics Academy Foundation (website contact),"=HYPERLINK(""https://github.com/samquansah-algo/nbc-vct/blob/main/marketing/OUTREACH_MESSAGES.md#v2-refined-messages"",""Open"")",2026-09-30,,,,"=IF(AND(I27<>"""",K27<>""""),K27-I27,"""")","=IF(AND(I27<>"""",K27=""""),I27+5,"""")",,,,"=IF(A27="""","""",IF(P27<>"""",P27,IF(O27=""Yes"",""Booked"",IF(K27<>"""",""Replied"",IF(I27="""",""Scheduled"",IF(TODAY()>I27+5,""Follow up"",""Sent""))))))"
P2-v2,v2,Ghana Code Club,Email,Ghana Code Club,Ghana Code Club team,"=HYPERLINK(""https://github.com/samquansah-algo/nbc-vct/blob/main/marketing/OUTREACH_MESSAGES.md#v2-refined-messages"",""Open"")",2026-09-30,,,,"=IF(AND(I28<>"""",K28<>""""),K28-I28,"""")","=IF(AND(I28<>"""",K28=""""),I28+5,"""")",,,,"=IF(A28="""","""",IF(P28<>"""",P28,IF(O28=""Yes"",""Booked"",IF(K28<>"""",""Replied"",IF(I28="""",""Scheduled"",IF(TODAY()>I28+5,""Follow up"",""Sent""))))))"
P3-v2,v2,Ghana Library Authority,Formal letter,Ghana Library Authority,"Ghana Library Authority, Programme Office","=HYPERLINK(""https://github.com/samquansah-algo/nbc-vct/blob/main/marketing/OUTREACH_MESSAGES.md#v2-refined-messages"",""Open"")",2026-10-01,,,,"=IF(AND(I29<>"""",K29<>""""),K29-I29,"""")","=IF(AND(I29<>"""",K29=""""),I29+5,"""")",,,,"=IF(A29="""","""",IF(P29<>"""",P29,IF(O29=""Yes"",""Booked"",IF(K29<>"""",""Replied"",IF(I29="""",""Scheduled"",IF(TODAY()>I29+5,""Follow up"",""Sent""))))))"
P4-v2,v2,MakerSpaces and the Participatory Library,Facebook group,Participatory Library group,MakerSpaces and the Participatory Library,"=HYPERLINK(""https://github.com/samquansah-algo/nbc-vct/blob/main/marketing/OUTREACH_MESSAGES.md#v2-refined-messages"",""Open"")",2026-10-01,,,,"=IF(AND(I30<>"""",K30<>""""),K30-I30,"""")","=IF(AND(I30<>"""",K30=""""),I30+5,"""")",,,,"=IF(A30="""","""",IF(P30<>"""",P30,IF(O30=""Yes"",""Booked"",IF(K30<>"""",""Replied"",IF(I30="""",""Scheduled"",IF(TODAY()>I30+5,""Follow up"",""Sent""))))))"
P5-v2,v2,ISLS researchers,Email,Learning-sciences researcher,a learning-sciences researcher (ISLS),"=HYPERLINK(""https://github.com/samquansah-algo/nbc-vct/blob/main/marketing/OUTREACH_MESSAGES.md#v2-refined-messages"",""Open"")",2026-10-02,,,,"=IF(AND(I31<>"""",K31<>""""),K31-I31,"""")","=IF(AND(I31<>"""",K31=""""),I31+5,"""")",,,,"=IF(A31="""","""",IF(P31<>"""",P31,IF(O31=""Yes"",""Booked"",IF(K31<>"""",""Replied"",IF(I31="""",""Scheduled"",IF(TODAY()>I31+5,""Follow up"",""Sent""))))))"
R1-v2,v2,micro:bit Champions,Community post,Facilitator community,micro:bit Champions community,"=HYPERLINK(""https://github.com/samquansah-algo/nbc-vct/blob/main/marketing/OUTREACH_MESSAGES.md#v2-refined-messages"",""Open"")",2026-10-02,,,,"=IF(AND(I32<>"""",K32<>""""),K32-I32,"""")","=IF(AND(I32<>"""",K32=""""),I32+5,"""")",,,,"=IF(A32="""","""",IF(P32<>"""",P32,IF(O32=""Yes"",""Booked"",IF(K32<>"""",""Replied"",IF(I32="""",""Scheduled"",IF(TODAY()>I32+5,""Follow up"",""Sent""))))))"
R2-v2,v2,The MakersPlace (Accra),LinkedIn,Programme owner,a programme owner (e.g. The MakersPlace),"=HYPERLINK(""https://github.com/samquansah-algo/nbc-vct/blob/main/marketing/OUTREACH_MESSAGES.md#v2-refined-messages"",""Open"")",2026-10-02,,,,"=IF(AND(I33<>"""",K33<>""""),K33-I33,"""")","=IF(AND(I33<>"""",K33=""""),I33+5,"""")",,,,"=IF(A33="""","""",IF(P33<>"""",P33,IF(O33=""Yes"",""Booked"",IF(K33<>"""",""Replied"",IF(I33="""",""Scheduled"",IF(TODAY()>I33+5,""Follow up"",""Sent""))))))"
R3-v2,v2,Scratch Educator Meetups,Forum / DM,Makerspace practitioner,Scratch Educator Meetups,"=HYPERLINK(""https://github.com/samquansah-algo/nbc-vct/blob/main/marketing/OUTREACH_MESSAGES.md#v2-refined-messages"",""Open"")",2026-10-05,,,,"=IF(AND(I34<>"""",K34<>""""),K34-I34,"""")","=IF(AND(I34<>"""",K34=""""),I34+5,"""")",,,,"=IF(A34="""","""",IF(P34<>"""",P34,IF(O34=""Yes"",""Booked"",IF(K34<>"""",""Replied"",IF(I34="""",""Scheduled"",IF(TODAY()>I34+5,""Follow up"",""Sent""))))))"
R4-v2,v2,r/homeschool,Reddit,Parent community,r/homeschool,"=HYPERLINK(""https://github.com/samquansah-algo/nbc-vct/blob/main/marketing/OUTREACH_MESSAGES.md#v2-refined-messages"",""Open"")",2026-10-05,,,,"=IF(AND(I35<>"""",K35<>""""),K35-I35,"""")","=IF(AND(I35<>"""",K35=""""),I35+5,"""")",,,,"=IF(A35="""","""",IF(P35<>"""",P35,IF(O35=""Yes"",""Booked"",IF(K35<>"""",""Replied"",IF(I35="""",""Scheduled"",IF(TODAY()>I35+5,""Follow up"",""Sent""))))))"
R6,v2,All v1 non-responders,Same as v1,Follow-up (once),Everyone who has not replied,"=HYPERLINK(""https://github.com/samquansah-algo/nbc-vct/blob/main/marketing/OUTREACH_MESSAGES.md#v2-refined-messages"",""Open"")",2026-10-06,,,,"=IF(AND(I36<>"""",K36<>""""),K36-I36,"""")","=IF(AND(I36<>"""",K36=""""),I36+5,"""")",,,,"=IF(A36="""","""",IF(P36<>"""",P36,IF(O36=""Yes"",""Booked"",IF(K36<>"""",""Replied"",IF(I36="""",""Scheduled"",IF(TODAY()>I36+5,""Follow up"",""Sent""))))))"
,,,,,,,,,,,"=IF(AND(I37<>"""",K37<>""""),K37-I37,"""")","=IF(AND(I37<>"""",K37=""""),I37+5,"""")",,,,"=IF(A37="""","""",IF(P37<>"""",P37,IF(O37=""Yes"",""Booked"",IF(K37<>"""",""Replied"",IF(I37="""",""Scheduled"",IF(TODAY()>I37+5,""Follow up"",""Sent""))))))"
,,,,,,,,,,,"=IF(AND(I38<>"""",K38<>""""),K38-I38,"""")","=IF(AND(I38<>"""",K38=""""),I38+5,"""")",,,,"=IF(A38="""","""",IF(P38<>"""",P38,IF(O38=""Yes"",""Booked"",IF(K38<>"""",""Replied"",IF(I38="""",""Scheduled"",IF(TODAY()>I38+5,""Follow up"",""Sent""))))))"
,,,,,,,,,,,"=IF(AND(I39<>"""",K39<>""""),K39-I39,"""")","=IF(AND(I39<>"""",K39=""""),I39+5,"""")",,,,"=IF(A39="""","""",IF(P39<>"""",P39,IF(O39=""Yes"",""Booked"",IF(K39<>"""",""Replied"",IF(I39="""",""Scheduled"",IF(TODAY()>I39+5,""Follow up"",""Sent""))))))"

INTERVIEWS
Interview ID,Participant (role),Source,Channel,Role,Setting,Target date,Status,Done date,Consent?,Recent problem (their words),Workaround,Offer response,Next step,P1 Can't tell if skill transfers,P2 Stops without key facilitator,P3 Prep time too high,P4 Hard to show families progress,P5 No budget route,Notes / screenshot link
I01,Owner 1,GRAF club owner,P1 email intro,Buyer,Constrained,2026-10-01,Scheduled
I02,Owner 2,Cape Coast after-school owner,In-person canvass,Buyer,Constrained,2026-09-30,Scheduled
I03,Owner 3,Cape Coast after-school owner,In-person canvass,Buyer,Constrained,2026-10-01,Scheduled
I04,Parent 1,Algo Peers family (connected),Direct,Buyer,Constrained,2026-09-30,Scheduled
I05,Facilitator 1,Ghana Code Club centre,P2 email,User,Constrained,2026-10-02,Scheduled
I06,Facilitator 2,Ghana Code Club centre,P2 email,User,Constrained,2026-10-03,Scheduled
I07,Librarian,Ghana Library Authority,P3 letter,Host,Constrained,2026-10-05,Scheduled
I08,Library maker lead,Participatory Library group,P4 post,User,Tech-rich,2026-10-05,Scheduled
I09,Parent 2,r/homeschool,R4 post,Buyer,Tech-rich,2026-10-06,Scheduled
I10,Researcher,ISLS member,P5 email,Research,Both,2026-10-06,Scheduled





INSIGHTS GRID SUMMARY (auto),,,,,,,,,,,,,,P1 Can't tell if skill transfers,P2 Stops without key facilitator,P3 Prep time too high,P4 Hard to show families progress,P5 No budget route
Interviews rated,,,,,,,,,,,,,,=COUNT(O43:O56),=COUNT(P43:P56),=COUNT(Q43:Q56),=COUNT(R43:R56),=COUNT(S43:S56)
Rated 2 or more,,,,,,,,,,,,,,"=COUNTIF(O43:O56,"">=2"")","=COUNTIF(P43:P56,"">=2"")","=COUNTIF(Q43:Q56,"">=2"")","=COUNTIF(R43:R56,"">=2"")","=COUNTIF(S43:S56,"">=2"")"
Buyers rating 2 or more,,,,,,,,,,,,,,"=COUNTIFS($E$43:$E$56,""Buyer"",O43:O56,"">=2"")","=COUNTIFS($E$43:$E$56,""Buyer"",P43:P56,"">=2"")","=COUNTIFS($E$43:$E$56,""Buyer"",Q43:Q56,"">=2"")","=COUNTIFS($E$43:$E$56,""Buyer"",R43:R56,"">=2"")","=COUNTIFS($E$43:$E$56,""Buyer"",S43:S56,"">=2"")"
Share rating 2+,,,,,,,,,,,,,,"=IFERROR(TEXT(O60/O59,""0%""),"""")","=IFERROR(TEXT(P60/P59,""0%""),"""")","=IFERROR(TEXT(Q60/Q59,""0%""),"""")","=IFERROR(TEXT(R60/R59,""0%""),"""")","=IFERROR(TEXT(S60/S59,""0%""),"""")"
"Confirmed? (6+ of 10, incl. 3+ buyers)",,,,,,,,,,,,,,"=IF(O60>=6,IF(O61>=3,""Confirmed"",""Not confirmed""),IF(O59<10,""Pending"",""Not confirmed""))","=IF(P60>=6,IF(P61>=3,""Confirmed"",""Not confirmed""),IF(P59<10,""Pending"",""Not confirmed""))","=IF(Q60>=6,IF(Q61>=3,""Confirmed"",""Not confirmed""),IF(Q59<10,""Pending"",""Not confirmed""))","=IF(R60>=6,IF(R61>=3,""Confirmed"",""Not confirmed""),IF(R59<10,""Pending"",""Not confirmed""))","=IF(S60>=6,IF(S61>=3,""Confirmed"",""Not confirmed""),IF(S59<10,""Pending"",""Not confirmed""))"

"Rating scale: 0 not raised · 1 raised when asked · 2 raised with an example · 3 raised unprompted, with a recent example."
