scenario,year,paying_sites,core_revenue_usd,options_revenue_usd,total_revenue_usd,site_contribution_usd
Low,1,3,10800,0,10800,2880
Low,2,10,36000,0,36000,9600
Low,3,25,90000,0,90000,24000
Low,4,50,180000,0,180000,48000
Low,5,100,360000,0,360000,96000
Central,1,5,18000,0,18000,4800
Central,2,30,108000,0,108000,28800
Central,3,120,432000,43200,475200,115200
Central,4,350,1260000,126000,1386000,336000
Central,5,800,2880000,288000,3168000,768000
High,1,10,36000,0,36000,9600
High,2,60,216000,0,216000,57600
High,3,300,1080000,270000,1350000,288000
High,4,900,3240000,810000,4050000,864000
High,5,2500,9000000,2250000,11250000,2400000
